{
    "ccwms": {
        "frc10079": -88.67958805828334,
        "frc10416": 15.333563770868581,
        "frc10991": -136.15555729022003,
        "frc1294": -28.11083623299396,
        "frc1318": -21.99090419573787,
        "frc1425": 27.29316360842448,
        "frc1540": 113.93678716017172,
        "frc1595": -91.61264761821316,
        "frc1778": 26.205853798311033,
        "frc1983": -71.04840139625402,
        "frc2046": 233.62759197293906,
        "frc2374": -21.894427309102326,
        "frc2412": -40.69354279882745,
        "frc2471": 57.039926761068955,
        "frc2521": -89.67586441160655,
        "frc2522": 86.70059227616163,
        "frc2811": -45.920530910007784,
        "frc2910": 171.7770448809869,
        "frc2926": -7.637580489342589,
        "frc2976": -12.156444252283007,
        "frc3218": -20.333979439820396,
        "frc360": 41.107641567925086,
        "frc3663": -85.72886962164405,
        "frc3674": 53.05740549058386,
        "frc4061": -45.437429254011434,
        "frc4089": 4.818366174321562,
        "frc4125": -15.997779132221025,
        "frc4131": -84.80935135756367,
        "frc4450": 73.87947810692458,
        "frc4469": 103.13238293826369,
        "frc4488": 25.67634189499556,
        "frc4512": -9.88349851514411,
        "frc488": -86.1038186105475,
        "frc4915": 7.890747953882631,
        "frc492": -34.06053222660073,
        "frc5468": 123.91668178987078,
        "frc5937": 66.25873191860435,
        "frc6696": 4.790574391851614,
        "frc7034": -13.682085356764404,
        "frc753": -26.136707389625165,
        "frc8051": -5.783795528442341,
        "frc8248": -149.3575428275225,
        "frc8896": -67.60982282139457,
        "frc9023": 59.69166992861557,
        "frc9430": 6.552586627314827,
        "frc9450": -64.14714569102796,
        "frc948": 60.651997459857206,
        "frc955": 149.16679979230034,
        "frc957": -45.943630921186625,
        "frc997": -101.91361660785687
    },
    "dprs": {
        "frc10079": 186.78155293560795,
        "frc10416": 107.5164828057045,
        "frc10991": 153.98422218469003,
        "frc1294": 69.58750977408296,
        "frc1318": 108.96648025391283,
        "frc1425": 93.11601773216827,
        "frc1540": 80.85649157514038,
        "frc1595": 122.34064853578263,
        "frc1778": 113.49815667123075,
        "frc1983": 97.7644985025615,
        "frc2046": 105.13376864634697,
        "frc2374": 91.68481829617967,
        "frc2412": 114.34528561565236,
        "frc2471": 83.34818091704734,
        "frc2521": 172.35939350879002,
        "frc2522": 87.76867029127601,
        "frc2811": 97.00743323572888,
        "frc2910": 88.94053593200556,
        "frc2926": 72.49935989676962,
        "frc2976": 86.52957243784009,
        "frc3218": 109.59749725824759,
        "frc360": 121.06146786560471,
        "frc3663": 121.75428409404529,
        "frc3674": 92.40326206670872,
        "frc4061": 101.07773691077851,
        "frc4089": 134.7475428415998,
        "frc4125": 88.07884013972816,
        "frc4131": 159.82600314997214,
        "frc4450": 60.50133841754949,
        "frc4469": 115.49580694093962,
        "frc4488": 92.1069106450121,
        "frc4512": 145.92348127491798,
        "frc488": 142.11125770815977,
        "frc4915": 163.42009323396738,
        "frc492": 139.8037947369499,
        "frc5468": 109.41929266399067,
        "frc5937": 99.0507345689004,
        "frc6696": 141.63740472725917,
        "frc7034": 102.43189181664712,
        "frc753": 127.24835293742375,
        "frc8051": 112.00218543004229,
        "frc8248": 209.8734256988194,
        "frc8896": 83.22292207131963,
        "frc9023": 96.57332071897257,
        "frc9430": 128.75416947272066,
        "frc9450": 168.17373691860172,
        "frc948": 85.54512394974121,
        "frc955": 67.73694435795854,
        "frc957": 138.85270749642717,
        "frc997": 107.62272347180479
    },
    "oprs": {
        "frc10079": 98.10196487732458,
        "frc10416": 122.85004657657312,
        "frc10991": 17.828664894470037,
        "frc1294": 41.476673541088886,
        "frc1318": 86.97557605817505,
        "frc1425": 120.40918134059272,
        "frc1540": 194.7932787353121,
        "frc1595": 30.728000917569574,
        "frc1778": 139.70401046954188,
        "frc1983": 26.716097106307405,
        "frc2046": 338.761360619286,
        "frc2374": 69.79039098707734,
        "frc2412": 73.65174281682516,
        "frc2471": 140.38810767811628,
        "frc2521": 82.68352909718334,
        "frc2522": 174.46926256743774,
        "frc2811": 51.08690232572106,
        "frc2910": 260.71758081299254,
        "frc2926": 64.86177940742697,
        "frc2976": 74.3731281855572,
        "frc3218": 89.26351781842709,
        "frc360": 162.1691094335298,
        "frc3663": 36.02541447240118,
        "frc3674": 145.46066755729248,
        "frc4061": 55.64030765676715,
        "frc4089": 139.5659090159214,
        "frc4125": 72.08106100750723,
        "frc4131": 75.01665179240842,
        "frc4450": 134.38081652447397,
        "frc4469": 218.6281898792035,
        "frc4488": 117.78325254000768,
        "frc4512": 136.03998275977384,
        "frc488": 56.00743909761232,
        "frc4915": 171.31084118784997,
        "frc492": 105.74326251034913,
        "frc5468": 233.33597445386147,
        "frc5937": 165.30946648750478,
        "frc6696": 146.42797911911083,
        "frc7034": 88.74980645988269,
        "frc753": 101.1116455477985,
        "frc8051": 106.21838990159983,
        "frc8248": 60.515882871296924,
        "frc8896": 15.61309924992491,
        "frc9023": 156.26499064758815,
        "frc9430": 135.30675610003553,
        "frc9450": 104.02659122757376,
        "frc948": 146.19712140959842,
        "frc955": 216.90374415025897,
        "frc957": 92.90907657524069,
        "frc997": 5.70910686394795
    }
}